,s,TimeStep,Dry_Bulb_Temperature,cool_load,dt,heat_load,tg,period_weight
0,1,1,13.61,0,1,0.476283551,15.16446848,11
1,1,2,12.93,0,1,0.910505141,15.1684395,11
2,1,3,12.48,0,1,1.257144771,15.17236314,11
3,1,4,11.96,0,1,1.586690659,15.17608433,11
4,1,5,12.02,0,1,1.754050975,15.18014315,11
5,1,6,11.66,0,1,1.983003282,15.18527789,11
6,1,7,12.35,0,1,1.942316206,15.1913574,11
7,1,8,14.15,0,1,1.564011261,15.19821543,11
8,1,9,17.5,0,1,0.712665404,15.20605125,11
9,1,10,20.88,0,1,0,15.21495447,11
10,1,11,23.31,0,1,0,15.22571796,11
11,1,12,25.23,-0.104475646,1,0,15.23729671,11
12,1,13,26.7,-0.902497998,1,0,15.24881371,11
13,1,14,27.66,-1.512859089,1,0,15.25914627,11
14,1,15,27.99,-1.901095673,1,0,15.2686006,11
15,1,16,27.65,-2.055031442,1,0,15.27706909,11
16,1,17,26.61,-1.977903433,1,0,15.28467591,11
17,1,18,24.83,-1.658873633,1,0,15.29154522,11
18,1,19,22.84,-1.213799093,1,0,15.29778597,11
19,1,20,20.72,-0.669980535,1,0,15.30330001,11
20,1,21,18.66,-0.08066842,1,0,15.30801102,11
21,1,22,17.09,0,1,0,15.31257649,11
22,1,23,16.04,0,1,0,15.31742713,11
23,1,24,15.42,0,1,0,15.32277254,11
24,2,1,16.1,0,1,0,16.22972626,10
25,2,2,15.45,0,1,0.134372215,16.23641802,10
26,2,3,15.13,0,1,0.407678114,16.24357831,10
27,2,4,15.1,0,1,0.583040434,16.25097591,10
28,2,5,15.25,0,1,0.683325913,16.25847094,10
29,2,6,15.34,0,1,0.766231117,16.26583255,10
30,2,7,15.43,0,1,0.824542053,16.27279721,10
31,2,8,15.62,0,1,0.832448111,16.27967331,10
32,2,9,15.9,0,1,0.797195377,16.28666357,10
33,2,10,16.57,0,1,0.647498797,16.29403971,10
34,2,11,17.53,0,1,0.385665182,16.30156101,10
35,2,12,18.13,0,1,0.189783801,16.30898808,10
36,2,13,18.73,0,1,0,16.31654539,10
37,2,14,19.38,0,1,0,16.32410024,10
38,2,15,18.88,0,1,0,16.33144644,10
39,2,16,18.76,0,1,0,16.33853862,10
40,2,17,18.21,0,1,0,16.34592992,10
41,2,18,17.8,0,1,0,16.35347729,10
42,2,19,16.91,0,1,0.233923126,16.36026838,10
43,2,20,16.1,0,1,0.486642229,16.36625724,10
44,2,21,15.44,0,1,0.719555429,16.37092664,10
45,2,22,15.05,0,1,0.894137578,16.37453035,10
46,2,23,14.84,0,1,1.021869888,16.37775185,10
47,2,24,14.77,0,1,1.107483065,16.37991049,10
48,3,1,12.29,0,1,1.691361321,17.03602141,19
49,3,2,12.29,0,1,1.826435361,17.02787095,19
50,3,3,12.04,0,1,1.993923134,17.0186598,19
51,3,4,11.72,0,1,2.16425953,17.00903105,19
52,3,5,11.55,0,1,2.290234796,16.99926456,19
53,3,6,11.12,0,1,2.466053366,16.98941362,19
54,3,7,10.45,0,1,2.697139007,16.97991419,19
55,3,8,12.1,0,1,2.369967849,16.97081534,19
56,3,9,15.47,0,1,1.480545149,16.96276192,19
57,3,10,17.47,0,1,0.820585524,16.9552499,19
58,3,11,19.3,0,1,0.17760775,16.94821513,19
59,3,12,21.04,0,1,0,16.94139164,19
60,3,13,22.55,0,1,0,16.93504364,19
61,3,14,23.63,0,1,0,16.92906916,19
62,3,15,24.1,-0.177551244,1,0,16.92251652,19
63,3,16,23.97,-0.422652844,1,0,16.91467905,19
64,3,17,23.25,-0.457908552,1,0,16.90585021,19
65,3,18,22.19,-0.348803269,1,0,16.8970659,19
66,3,19,20.31,0,1,0,16.88778187,19
67,3,20,18.17,0,1,0,16.87834578,19
68,3,21,16.53,0,1,0,16.86856471,19
69,3,22,15.49,0,1,0,16.85900505,19
70,3,23,14.85,0,1,0.006846457,16.85063341,19
71,3,24,14.42,0,1,0.37828808,16.84318712,19
72,4,1,17.16,0,1,0,16.80259253,8
73,4,2,16.97,0,1,0,16.80279789,8
74,4,3,16.77,0,1,0,16.80401888,8
75,4,4,16.56,0,1,0,16.80623868,8
76,4,5,16.39,0,1,0,16.80927922,8
77,4,6,16.07,0,1,0.141009025,16.81318722,8
78,4,7,15.8,0,1,0.352569316,16.81818154,8
79,4,8,17.46,0,1,0.074890337,16.82370661,8
80,4,9,21.91,0,1,0,16.83003687,8
81,4,10,26.47,-0.493596849,1,0,16.83748886,8
82,4,11,29.67,-1.743155359,1,0,16.84620521,8
83,4,12,32.08,-2.789686688,1,0,16.85584555,8
84,4,13,33.42,-3.547140724,1,0,16.86588828,8
85,4,14,34.03,-4.064003423,1,0,16.87623274,8
86,4,15,34.47,-4.466980025,1,0,16.88628006,8
87,4,16,34.28,-4.653797206,1,0,16.89624054,8
88,4,17,33.46,-4.630701295,1,0,16.90644003,8
89,4,18,31.32,-4.235050147,1,0,16.91664733,8
90,4,19,29.51,-3.825978893,1,0,16.92582223,8
91,4,20,27.28,-3.255955946,1,0,16.93374872,8
92,4,21,25.35,-2.695343992,1,0,16.94084866,8
93,4,22,24.17,-2.273065727,1,0,16.94771436,8
94,4,23,23.3,-1.91595763,1,0,16.95437679,8
95,4,24,22.54,-1.587898804,1,0,16.96146481,8
96,5,1,16.09,0,1,0,17.12239851,19
97,5,2,15.59,0,1,0,17.12500744,19
98,5,3,15.44,0,1,0,17.12818325,19
99,5,4,15.31,0,1,0.071345852,17.13194609,19
100,5,5,15.19,0,1,0.320704653,17.13551773,19
101,5,6,15.7,0,1,0.380751452,17.13934676,19
102,5,7,15.33,0,1,0.597530532,17.14428552,19
103,5,8,15.25,0,1,0.724369417,17.15042295,19
104,5,9,17.86,0,1,0.146166173,17.15645679,19
105,5,10,20.29,0,1,0,17.16282887,19
106,5,11,22.91,0,1,0,17.17002289,19
107,5,12,25.12,-0.294602658,1,0,17.17755839,19
108,5,13,26.84,-1.097730619,1,0,17.18499275,19
109,5,14,27.72,-1.653083889,1,0,17.1928686,19
110,5,15,27.46,-1.872789627,1,0,17.20081895,19
111,5,16,25.46,-1.59929173,1,0,17.20824417,19
112,5,17,25.13,-1.613178669,1,0,17.21514345,19
113,5,18,22.47,-1.045487626,1,0,17.22183783,19
114,5,19,21.52,-0.784513502,1,0,17.22845155,19
115,5,20,20.72,-0.533078163,1,0,17.23468647,19
116,5,21,19.8,-0.240261219,1,0,17.23985551,19
117,5,22,19,0,1,0,17.244387,19
118,5,23,18.18,0,1,0,17.24939036,19
119,5,24,17.47,0,1,0,17.25435037,19
120,6,1,15.2,0,1,0.953293343,17.91752528,22
121,6,2,15.07,0,1,1.038647649,17.90656456,22
122,6,3,14.73,0,1,1.166942404,17.89584258,22
123,6,4,14.73,0,1,1.215777138,17.88561508,22
124,6,5,14.79,0,1,1.240714652,17.87573881,22
125,6,6,14.72,0,1,1.286814882,17.8659222,22
126,6,7,14.77,0,1,1.300808868,17.85605402,22
127,6,8,15,0,1,1.258851293,17.84581725,22
128,6,9,15.63,0,1,1.065470391,17.83456663,22
129,6,10,17.35,0,1,0.580231715,17.8225407,22
130,6,11,18.42,0,1,0.215716412,17.81089593,22
131,6,12,19.54,0,1,0,17.7996803,22
132,6,13,20.42,0,1,0,17.78895151,22
133,6,14,20.75,0,1,0,17.7792681,22
134,6,15,20.86,0,1,0,17.77045546,22
135,6,16,21.29,0,1,0,17.76251948,22
136,6,17,20.87,0,1,0,17.75537715,22
137,6,18,18.54,0,1,0,17.74898208,22
138,6,19,17.68,0,1,0,17.74254076,22
139,6,20,16.84,0,1,0,17.73528636,22
140,6,21,16.22,0,1,0.052478533,17.72809449,22
141,6,22,15.84,0,1,0.296196097,17.72055668,22
142,6,23,15.64,0,1,0.47856976,17.71256411,22
143,6,24,15.42,0,1,0.645098605,17.70426054,22
144,7,1,11.2,0,1,2.235992557,16.41043012,10
145,7,2,10.87,0,1,2.426180267,16.41817726,10
146,7,3,10.57,0,1,2.59726867,16.42642015,10
147,7,4,10.42,0,1,2.722287198,16.43447206,10
148,7,5,10.31,0,1,2.824729474,16.44130858,10
149,7,6,10.18,0,1,2.920164728,16.44743498,10
150,7,7,10.2,0,1,2.971280961,16.4543405,10
151,7,8,10.2,0,1,3.004246252,16.46126187,10
152,7,9,11.54,0,1,2.644895411,16.46739651,10
153,7,10,13.03,0,1,2.244534074,16.47279701,10
154,7,11,14.37,0,1,1.825259501,16.47758305,10
155,7,12,15.01,0,1,1.58147283,16.48337168,10
156,7,13,15.62,0,1,1.351410504,16.48999015,10
157,7,14,16.11,0,1,1.151336072,16.49580916,10
158,7,15,16.09,0,1,1.083900386,16.49996441,10
159,7,16,15.77,0,1,1.108148563,16.50331575,10
160,7,17,15.2,0,1,1.215237135,16.50563697,10
161,7,18,14.8,0,1,1.308573282,16.50648902,10
162,7,19,14.29,0,1,1.443492184,16.50692299,10
163,7,20,13.72,0,1,1.606773288,16.50666579,10
164,7,21,12.95,0,1,1.829478823,16.50479357,10
165,7,22,12.16,0,1,2.072786688,16.50055693,10
166,7,23,11.24,0,1,2.360221188,16.494279,10
167,7,24,10.46,0,1,2.629221396,16.4868852,10
168,8,1,12.12,0,1,1.823268763,15.25605542,20
169,8,2,11.64,0,1,2.059112518,15.25019938,20
170,8,3,11.3,0,1,2.252445435,15.24497436,20
171,8,4,11.15,0,1,2.388941706,15.24028637,20
172,8,5,10.92,0,1,2.529004814,15.2372416,20
173,8,6,10.86,0,1,2.618957341,15.23586053,20
174,8,7,10.57,0,1,2.750216336,15.23500204,20
175,8,8,10.07,0,1,2.91408501,15.23440065,20
176,8,9,12.69,0,1,2.25804902,15.23391896,20
177,8,10,16.62,0,1,1.233502481,15.23427574,20
178,8,11,18.58,0,1,0.583105848,15.23499765,20
179,8,12,20.25,0,1,0,15.23613926,20
180,8,13,21.46,0,1,0,15.23818263,20
181,8,14,21.72,0,1,0,15.24082191,20
182,8,15,21.36,0,1,0,15.24336035,20
183,8,16,20.43,0,1,0,15.24592336,20
184,8,17,18.83,0,1,0,15.24775619,20
185,8,18,17.75,0,1,0,15.24887109,20
186,8,19,16.45,0,1,0.008972536,15.24992066,20
187,8,20,15.54,0,1,0.368906537,15.25002296,20
188,8,21,14.75,0,1,0.699981508,15.24898083,20
189,8,22,14.32,0,1,0.941724935,15.24789225,20
190,8,23,13.97,0,1,1.150098248,15.24745656,20
191,8,24,13.77,0,1,1.308904464,15.24699479,20
192,9,1,11.61,0,1,2.341782705,14.98536034,17
193,9,2,11.51,0,1,2.424542344,14.97890135,17
194,9,3,12.03,0,1,2.351846736,14.97358611,17
195,9,4,12.18,0,1,2.340650897,14.9693638,17
196,9,5,12.17,0,1,2.357872404,14.9655369,17
197,9,6,12.19,0,1,2.365352516,14.96202515,17
198,9,7,11.93,0,1,2.436102365,14.95947407,17
199,9,8,11.9,0,1,2.458347235,14.9574977,17
200,9,9,12.15,0,1,2.405188036,14.95508587,17
201,9,10,13.46,0,1,2.055878164,14.95238189,17
202,9,11,14.86,0,1,1.641646741,14.95005502,17
203,9,12,15.77,0,1,1.331640838,14.94797292,17
204,9,13,16.17,0,1,1.146192198,14.94575505,17
205,9,14,16.56,0,1,0.972744267,14.94325314,17
206,9,15,16.79,0,1,0.845293725,14.94123824,17
207,9,16,16.25,0,1,0.916572969,14.93996049,17
208,9,17,15.72,0,1,1.016772581,14.93877999,17
209,9,18,15.37,0,1,1.098307874,14.93787042,17
210,9,19,14.54,0,1,1.307051754,14.93737575,17
211,9,20,13.95,0,1,1.482640358,14.93636587,17
212,9,21,13.5,0,1,1.636248466,14.93413766,17
213,9,22,13.09,0,1,1.785002588,14.93117058,17
214,9,23,12.69,0,1,1.933851441,14.92854345,17
215,9,24,12.12,0,1,2.124626314,14.92604546,17
216,10,1,7.27,0,1,4.143382181,14.28822305,5
217,10,2,7.11,0,1,4.221397957,14.27097429,5
218,10,3,6.93,0,1,4.301151077,14.2537945,5
219,10,4,6.82,0,1,4.362541544,14.23679548,5
220,10,5,6.68,0,1,4.427436693,14.22012203,5
221,10,6,6.52,0,1,4.495112334,14.20370494,5
222,10,7,6.2,0,1,4.599733035,14.18725622,5
223,10,8,5.72,0,1,4.746268979,14.17024276,5
224,10,9,5.87,0,1,4.742321574,14.15291942,5
225,10,10,7.2,0,1,4.39075896,14.13582481,5
226,10,11,8.64,0,1,3.968592166,14.11893985,5
227,10,12,10.11,0,1,3.518695368,14.10240453,5
228,10,13,11.05,0,1,3.177576575,14.08601006,5
229,10,14,11.4,0,1,2.993694374,14.07001325,5
230,10,15,11.23,0,1,2.95713858,14.05456296,5
231,10,16,10.99,0,1,2.972233218,14.03949073,5
232,10,17,10.44,0,1,3.08034964,14.02503027,5
233,10,18,10.1,0,1,3.162388629,14.01105722,5
234,10,19,8.77,0,1,3.491167162,13.99709957,5
235,10,20,7.65,0,1,3.808953349,13.98335676,5
236,10,21,6.51,0,1,4.155773333,13.96946924,5
237,10,22,5.64,0,1,4.458745848,13.95458079,5
238,10,23,5.2,0,1,4.667621452,13.9383016,5
239,10,24,4.61,0,1,4.904898154,13.92133759,5
240,11,1,8.13,0,1,3.635098548,12.2808822,24
241,11,2,7.84,0,1,3.77766847,12.27677912,24
242,11,3,7.68,0,1,3.883782549,12.27326404,24
243,11,4,7.75,0,1,3.926852013,12.26986108,24
244,11,5,7.79,0,1,3.963024346,12.26666399,24
245,11,6,7.98,0,1,3.953377209,12.26381681,24
246,11,7,7.96,0,1,3.980562695,12.26064807,24
247,11,8,8,0,1,3.989705056,12.25758296,24
248,11,9,9.1,0,1,3.739775697,12.25468604,24
249,11,10,10.99,0,1,3.245055682,12.25166918,24
250,11,11,12.18,0,1,2.857394941,12.24903328,24
251,11,12,13.15,0,1,2.498318457,12.24735627,24
252,11,13,13.76,0,1,2.229854601,12.24620222,24
253,11,14,14.03,0,1,2.05764568,12.24521628,24
254,11,15,13.79,0,1,2.027459111,12.24509703,24
255,11,16,13.32,0,1,2.083027147,12.24500674,24
256,11,17,12.7,0,1,2.203614398,12.24399434,24
257,11,18,11.51,0,1,2.485828394,12.2424389,24
258,11,19,10.78,0,1,2.696996268,12.2412766,24
259,11,20,10.2,0,1,2.887694536,12.24043695,24
260,11,21,9.87,0,1,3.026583661,12.23934201,24
261,11,22,9.72,0,1,3.121024605,12.23767715,24
262,11,23,9.25,0,1,3.28421465,12.23573551,24
263,11,24,8.84,0,1,3.437472874,12.23422949,24
264,12,1,9.06,0,1,3.116224348,12.37200467,17
265,12,2,8.37,0,1,3.383935554,12.37743209,17
266,12,3,7.82,0,1,3.619189903,12.38280813,17
267,12,4,7.43,0,1,3.812772173,12.38854295,17
268,12,5,7.04,0,1,3.998365446,12.39476924,17
269,12,6,6.78,0,1,4.14676625,12.40112609,17
270,12,7,6.65,0,1,4.255215195,12.407507,17
271,12,8,6.88,0,1,4.267028773,12.41380271,17
272,12,9,7.16,0,1,4.234538665,12.42020745,17
273,12,10,10.8,0,1,3.311295499,12.42625643,17
274,12,11,14.3,0,1,2.321814493,12.43234319,17
275,12,12,16.13,0,1,1.659624082,12.43885262,17
276,12,13,17.1,0,1,1.214881917,12.44549455,17
277,12,14,17.6,0,1,0.913395506,12.45187784,17
278,12,15,17.63,0,1,0.761386825,12.45849365,17
279,12,16,17.27,0,1,0.742311831,12.46479194,17
280,12,17,16.37,0,1,0.886874107,12.47017473,17
281,12,18,14.93,0,1,1.203279655,12.4748673,17
282,12,19,13.43,0,1,1.584554403,12.47904483,17
283,12,20,12.33,0,1,1.912435962,12.48259641,17
284,12,21,11.23,0,1,2.261052496,12.48527616,17
285,12,22,10.31,0,1,2.583660977,12.48693119,17
286,12,23,9.61,0,1,2.861911157,12.48787442,17
287,12,24,9.04,0,1,3.10876199,12.48862105,17
288,13,1,6.7,0,1,4.266192727,11.38194953,25
289,13,2,6.34,0,1,4.411661011,11.37397914,25
290,13,3,6.22,0,1,4.499505416,11.36670958,25
291,13,4,6.39,0,1,4.510600239,11.35944644,25
292,13,5,6.14,0,1,4.605707548,11.35249058,25
293,13,6,6.71,0,1,4.507240474,11.34632969,25
294,13,7,6.51,0,1,4.566219522,11.34045443,25
295,13,8,6.23,0,1,4.648041291,11.33547603,25
296,13,9,6.59,0,1,4.578712895,11.3312727,25
297,13,10,7.86,0,1,4.24563803,11.32644402,25
298,13,11,9.84,0,1,3.711280255,11.32113926,25
299,13,12,11.14,0,1,3.29088292,11.31613343,25
300,13,13,11.8,0,1,3.013300012,11.31176852,25
301,13,14,12.37,0,1,2.765506419,11.30769735,25
302,13,15,12.19,0,1,2.715236428,11.30304816,25
303,13,16,12.02,0,1,2.689620708,11.2979301,25
304,13,17,11.4,0,1,2.792028115,11.29279329,25
305,13,18,10.83,0,1,2.912571649,11.28754244,25
306,13,19,9.96,0,1,3.125289115,11.2823338,25
307,13,20,9.3,0,1,3.313916579,11.27717936,25
308,13,21,9.01,0,1,3.428964049,11.2722431,25
309,13,22,8.77,0,1,3.531961865,11.26732237,25
310,13,23,8.24,0,1,3.701924452,11.26221916,25
311,13,24,7.45,0,1,3.941076892,11.25699002,25
312,14,1,3.34,0,1,5.50716792,9.914330441,21
313,14,2,3.28,0,1,5.597423836,9.907254727,21
314,14,3,3.17,0,1,5.686296173,9.900177838,21
315,14,4,2.94,0,1,5.794536592,9.892826189,21
316,14,5,2.6,0,1,5.925292166,9.886379877,21
317,14,6,3.26,0,1,5.819790067,9.880534394,21
318,14,7,3.55,0,1,5.771378523,9.874600694,21
319,14,8,4.02,0,1,5.667326682,9.868897968,21
320,14,9,4.46,0,1,5.550360911,9.863272249,21
321,14,10,5.65,0,1,5.217028579,9.85759359,21
322,14,11,8.06,0,1,4.560921941,9.851914425,21
323,14,12,9.38,0,1,4.117957223,9.846680696,21
324,14,13,10.57,0,1,3.68699831,9.842072255,21
325,14,14,11.44,0,1,3.327087526,9.83774103,21
326,14,15,11.39,0,1,3.201538782,9.833425687,21
327,14,16,10.86,0,1,3.225380875,9.829503367,21
328,14,17,9.98,0,1,3.372375059,9.82502404,21
329,14,18,9.69,0,1,3.421541313,9.819959288,21
330,14,19,8.38,0,1,3.726397083,9.814945347,21
331,14,20,7.48,0,1,3.97582953,9.809421655,21
332,14,21,6.79,0,1,4.196228239,9.802738238,21
333,14,22,6.15,0,1,4.414870324,9.795067446,21
334,14,23,5.67,0,1,4.602153737,9.787005428,21
335,14,24,5.43,0,1,4.732875888,9.778735225,21
336,15,1,6.2,0,1,4.462031381,9.634237617,34
337,15,2,5.54,0,1,4.678690476,9.633218812,34
338,15,3,5.28,0,1,4.809104011,9.632207386,34
339,15,4,5.45,0,1,4.832084018,9.63118841,34
340,15,5,5.94,0,1,4.761462757,9.630516593,34
341,15,6,6.24,0,1,4.711639269,9.630593077,34
342,15,7,6.5,0,1,4.657778953,9.630492026,34
343,15,8,6.75,0,1,4.596696747,9.630660033,34
344,15,9,6.73,0,1,4.590166314,9.631338986,34
345,15,10,7.95,0,1,4.279697094,9.631556572,34
346,15,11,9.23,0,1,3.921176581,9.63194014,34
347,15,12,10.21,0,1,3.599972505,9.632612888,34
348,15,13,10.98,0,1,3.311702869,9.633091857,34
349,15,14,11.6,0,1,3.055316885,9.63351957,34
350,15,15,11.58,0,1,2.965350541,9.634507464,34
351,15,16,11.24,0,1,2.977364173,9.63569742,34
352,15,17,10.87,0,1,3.023227053,9.635959028,34
353,15,18,10.14,0,1,3.17647803,9.63571474,34
354,15,19,9.33,0,1,3.37640244,9.63519417,34
355,15,20,8.61,0,1,3.578553351,9.635010725,34
356,15,21,8.4,0,1,3.675963788,9.63453972,34
357,15,22,7.88,0,1,3.843844654,9.633659776,34
358,15,23,7.31,0,1,4.030813694,9.632650688,34
359,15,24,6.62,0,1,4.253561622,9.631679161,34
360,16,1,8.45,0,1,3.776414156,9.479303875,15
361,16,2,8.01,0,1,3.901523321,9.485581418,15
362,16,3,8.1,0,1,3.910604039,9.491103002,15
363,16,4,8.34,0,1,3.875340483,9.496901022,15
364,16,5,8.15,0,1,3.930195282,9.503393151,15
365,16,6,8.19,0,1,3.934513038,9.510484531,15
366,16,7,8.29,0,1,3.920645194,9.517487131,15
367,16,8,7.9,0,1,4.017778412,9.523660877,15
368,16,9,7.49,0,1,4.12607511,9.528930003,15
369,16,10,9.66,0,1,3.603256942,9.533875583,15
370,16,11,11.42,0,1,3.113014699,9.538852351,15
371,16,12,12.27,0,1,2.79451224,9.543964582,15
372,16,13,12.48,0,1,2.63409539,9.549247596,15
373,16,14,13.01,0,1,2.41099258,9.554637458,15
374,16,15,12.77,0,1,2.389808565,9.560231758,15
375,16,16,12.8,0,1,2.332110508,9.565528634,15
376,16,17,12.13,0,1,2.453695363,9.570072653,15
377,16,18,11.53,0,1,2.589873554,9.573948004,15
378,16,19,10.64,0,1,2.816507935,9.577594963,15
379,16,20,9.73,0,1,3.072570607,9.581273352,15
380,16,21,9.33,0,1,3.228014326,9.584798202,15
381,16,22,8.82,0,1,3.409865896,9.58792922,15
382,16,23,8.18,0,1,3.626201118,9.590928929,15
383,16,24,7.14,0,1,3.944261521,9.594166627,15
384,17,1,8.35,0,1,3.578949387,10.3535929,15
385,17,2,8.24,0,1,3.672872401,10.35194064,15
386,17,3,7.83,0,1,3.827791468,10.35137819,15
387,17,4,7.73,0,1,3.910532561,10.35183985,15
388,17,5,7.19,0,1,4.088864622,10.35301988,15
389,17,6,6.98,0,1,4.19577486,10.35507485,15
390,17,7,6.74,0,1,4.304957944,10.35835388,15
391,17,8,7.64,0,1,4.136507996,10.36218044,15
392,17,9,9.44,0,1,3.683886167,10.36600266,15
393,17,10,11.58,0,1,3.072463358,10.37036484,15
394,17,11,13.56,0,1,2.421834307,10.3748905,15
395,17,12,15.61,0,1,1.728216668,10.37922969,15
396,17,13,16.82,0,1,1.234643217,10.38411185,15
397,17,14,17.69,0,1,0.846150844,10.38950278,15
398,17,15,18.19,0,1,0.579466058,10.39429135,15
399,17,16,18.09,0,1,0.490301815,10.39870495,15
400,17,17,17.4,0,1,0.569579069,10.40280964,15
401,17,18,16.03,0,1,0.849846723,10.40688014,15
402,17,19,14,0,1,1.339266495,10.41076645,15
403,17,20,11.67,0,1,1.962599164,10.41328097,15
404,17,21,10.22,0,1,2.435622085,10.41437025,15
405,17,22,9.15,0,1,2.837884607,10.41459331,15
406,17,23,8.4,0,1,3.168001497,10.41498413,15
407,17,24,7.67,0,1,3.486380835,10.41566296,15
408,18,1,8.17,0,1,3.351949332,10.5358055,18
409,18,2,8.18,0,1,3.476518178,10.54021212,18
410,18,3,8.32,0,1,3.54480849,10.54537899,18
411,18,4,8.56,0,1,3.564951927,10.55118275,18
412,18,5,8.51,0,1,3.631066166,10.55742434,18
413,18,6,8.38,0,1,3.706910962,10.56403209,18
414,18,7,7.87,0,1,3.867686016,10.57060246,18
415,18,8,7.88,0,1,3.902205289,10.57700893,18
416,18,9,8.85,0,1,3.632011938,10.58347235,18
417,18,10,10.77,0,1,3.084725345,10.59020398,18
418,18,11,12.45,0,1,2.561016014,10.59731932,18
419,18,12,13.62,0,1,2.163520034,10.60486348,18
420,18,13,13.92,0,1,1.986689705,10.61237064,18
421,18,14,14.26,0,1,1.819679305,10.62034422,18
422,18,15,13.83,0,1,1.857563464,10.62864041,18
423,18,16,13.84,0,1,1.824991398,10.63629439,18
424,18,17,13.73,0,1,1.830128611,10.64376499,18
425,18,18,12.83,0,1,2.033573836,10.6512827,18
426,18,19,11.6,0,1,2.348120371,10.65836263,18
427,18,20,10.42,0,1,2.686109171,10.66456036,18
428,18,21,9.71,0,1,2.93782757,10.66994315,18
429,18,22,8.86,0,1,3.22813427,10.67425375,18
430,18,23,8.19,0,1,3.48450513,10.6772778,18
431,18,24,7.79,0,1,3.678320893,10.67986873,18
432,19,1,8.13,0,1,3.254784196,11.54421307,8
433,19,2,7.46,0,1,3.562792821,11.53560397,8
434,19,3,7.27,0,1,3.74826821,11.52740531,8
435,19,4,7.49,0,1,3.814665703,11.52003877,8
436,19,5,7.47,0,1,3.907576597,11.51389126,8
437,19,6,7.21,0,1,4.040456302,11.51038723,8
438,19,7,7.78,0,1,3.954108122,11.50849277,8
439,19,8,10.17,0,1,3.301945765,11.50731523,8
440,19,9,16.03,0,1,1.776523551,11.50711286,8
441,19,10,19.43,0,1,0.67620488,11.50728725,8
442,19,11,22.09,0,1,0,11.50740834,8
443,19,12,24.02,0,1,0,11.50738455,8
444,19,13,25.2,0,1,0,11.50772742,8
445,19,14,25.95,-0.561299012,1,0,11.50810269,8
446,19,15,26.34,-1.009666422,1,0,11.50848711,8
447,19,16,26.29,-1.27146477,1,0,11.50883596,8
448,19,17,25.67,-1.34190773,1,0,11.50984589,8
449,19,18,24.36,-1.185781058,1,0,11.5117631,8
450,19,19,22.38,-0.798351848,1,0,11.51351318,8
451,19,20,19.9,-0.213133787,1,0,11.51498937,8
452,19,21,18.44,0,1,0,11.51599369,8
453,19,22,17.03,0,1,0,11.51691103,8
454,19,23,16.14,0,1,0,11.51825279,8
455,19,24,15.25,0,1,0,11.51996386,8
456,20,1,13.72,0,1,0.676675631,12.3175343,11
457,20,2,13.08,0,1,1.053094847,12.34895822,11
458,20,3,12.55,0,1,1.378699035,12.38158415,11
459,20,4,12.01,0,1,1.683410567,12.41396978,11
460,20,5,11.51,0,1,1.960312039,12.4445528,11
461,20,6,10.91,0,1,2.244957511,12.47449776,11
462,20,7,10.95,0,1,2.355450303,12.50482702,11
463,20,8,11.98,0,1,2.121465884,12.53500946,11
464,20,9,13.24,0,1,1.795359377,12.56475602,11
465,20,10,14.57,0,1,1.422900456,12.59380104,11
466,20,11,15.51,0,1,1.134360979,12.62190212,11
467,20,12,16.5,0,1,0.817754313,12.64941132,11
468,20,13,17.57,0,1,0.470070973,12.67642974,11
469,20,14,18.24,0,1,0.225740313,12.70262405,11
470,20,15,18.53,0,1,0.087616732,12.7274023,11
471,20,16,18.32,0,1,0.087203883,12.75082592,11
472,20,17,17.68,0,1,0.207856036,12.77312946,11
473,20,18,16.53,0,1,0.478630755,12.79430711,11
474,20,19,15.31,0,1,0.806826066,12.81428447,11
475,20,20,13.99,0,1,1.193218406,12.83264969,11
476,20,21,12.96,0,1,1.538482422,12.84874953,11
477,20,22,12.1,0,1,1.855313253,12.8633692,11
478,20,23,12.22,0,1,1.944260417,12.87737534,11
479,20,24,11.88,0,1,2.115148855,12.89086476,11
480,21,1,14.96,0,1,0.276614245,13.14669016,7
481,21,2,14.9,0,1,0.498336799,13.14989297,7
482,21,3,14.29,0,1,0.811013247,13.15346246,7
483,21,4,13.79,0,1,1.083179859,13.15780866,7
484,21,5,13.06,0,1,1.394817952,13.16340983,7
485,21,6,12.87,0,1,1.573671591,13.17005626,7
486,21,7,13.87,0,1,1.437030128,13.17719333,7
487,21,8,18.31,0,1,0.348920076,13.18494678,7
488,21,9,21.78,0,1,0,13.19388139,7
489,21,10,24.42,0,1,0,13.20361815,7
490,21,11,26.35,-0.618684079,1,0,13.21404968,7
491,21,12,27.44,-1.307774602,1,0,13.22457389,7
492,21,13,28.08,-1.821034803,1,0,13.23503087,7
493,21,14,28.34,-2.170551956,1,0,13.24494155,7
494,21,15,28.44,-2.414119103,1,0,13.25416354,7
495,21,16,26.99,-2.239290219,1,0,13.26378261,7
496,21,17,24.24,-1.670900325,1,0,13.27488009,7
497,21,18,20.33,-0.721874786,1,0,13.28696872,7
498,21,19,20.14,-0.535543073,1,0,13.29872676,7
499,21,20,19.19,-0.190267787,1,0,13.31002446,7
500,21,21,18.49,0,1,0,13.32075873,7
501,21,22,18.08,0,1,0,13.33131228,7
502,21,23,17.94,0,1,0,13.34210432,7
503,21,24,17.93,0,1,0,13.35321162,7
504,22,1,9.74,0,1,2.979358646,14.29027801,11
505,22,2,9.32,0,1,3.157249532,14.27948842,11
506,22,3,9.33,0,1,3.230765439,14.26828965,11
507,22,4,8.95,0,1,3.38128304,14.2568683,11
508,22,5,8.9,0,1,3.453419774,14.24617502,11
509,22,6,8.84,0,1,3.517514113,14.23556896,11
510,22,7,9.79,0,1,3.324889285,14.22470444,11
511,22,8,11.84,0,1,2.770677472,14.21321382,11
512,22,9,13.8,0,1,2.168778483,14.20104326,11
513,22,10,14.95,0,1,1.739545794,14.18899345,11
514,22,11,15.3,0,1,1.517617005,14.17736963,11
515,22,12,15.41,0,1,1.381204286,14.16616051,11
516,22,13,16.2,0,1,1.097990961,14.15545595,11
517,22,14,16.65,0,1,0.901835499,14.14493297,11
518,22,15,16.87,0,1,0.777260098,14.13597738,11
519,22,16,17.06,0,1,0.68084025,14.12707097,11
520,22,17,16.98,0,1,0.654326093,14.11810674,11
521,22,18,16.08,0,1,0.834895662,14.10905382,11
522,22,19,15.36,0,1,1.011080692,14.09982052,11
523,22,20,14.01,0,1,1.360466938,14.09023432,11
524,22,21,12.96,0,1,1.675731225,14.07971935,11
525,22,22,12.56,0,1,1.856393254,14.06825213,11
526,22,23,12.2,0,1,2.022935733,14.05572431,11
527,22,24,11.7,0,1,2.217670262,14.0429643,11
528,23,1,9.86,0,1,2.735096591,13.83279148,6
529,23,2,9.27,0,1,2.992345458,13.82285951,6
530,23,3,8.83,0,1,3.209046694,13.81421964,6
531,23,4,8.62,0,1,3.362600291,13.80686772,6
532,23,5,8.35,0,1,3.516279146,13.80054897,6
533,23,6,7.8,0,1,3.726597562,13.79493783,6
534,23,7,8.79,0,1,3.559898015,13.78956687,6
535,23,8,12.62,0,1,2.596376249,13.78412926,6
536,23,9,16.17,0,1,1.575269272,13.77938006,6
537,23,10,18.96,0,1,0.656128954,13.77488154,6
538,23,11,20.99,0,1,0,13.76994708,6
539,23,12,22.22,0,1,0,13.76490553,6
540,23,13,23.05,0,1,0,13.76036678,6
541,23,14,23.59,0,1,0,13.75635516,6
542,23,15,23.93,-0.155901812,1,0,13.75234978,6
543,23,16,23.8,-0.387976588,1,0,13.7481286,6
544,23,17,23.39,-0.494102748,1,0,13.74457781,6
545,23,18,22.55,-0.445295891,1,0,13.74120877,6
546,23,19,19.75,0,1,0,13.73745538,6
547,23,20,17.72,0,1,0,13.73325075,6
548,23,21,16.44,0,1,0,13.72881392,6
549,23,22,15.56,0,1,0,13.72455311,6
550,23,23,14.63,0,1,0.091285072,13.72083359,6
551,23,24,13.28,0,1,0.68101798,13.71741786,6
552,24,1,15.6,0,1,0.157967812,14.91275388,12
553,24,2,15.41,0,1,0.38410809,14.91915762,12
554,24,3,14.98,0,1,0.637045023,14.92568479,12
555,24,4,14.68,0,1,0.842549777,14.93183494,12
556,24,5,14.39,0,1,1.028314104,14.93786007,12
557,24,6,14.19,0,1,1.178392728,14.94453476,12
558,24,7,14.75,0,1,1.131756256,14.95234705,12
559,24,8,15.39,0,1,1.015833994,14.96093776,12
560,24,9,17.87,0,1,0.403417236,14.96964858,12
561,24,10,19.76,0,1,0,14.97833188,12
562,24,11,21.09,0,1,0,14.98741543,12
563,24,12,22.62,0,1,0,14.9963872,12
564,24,13,22.87,0,1,0,15.00500735,12
565,24,14,22.23,0,1,0,15.01290425,12
566,24,15,21.82,0,1,0,15.01958791,12
567,24,16,21.67,0,1,0,15.02574514,12
568,24,17,20.08,0,1,0,15.03228937,12
569,24,18,18.8,0,1,0,15.03854459,12
570,24,19,18.16,0,1,0,15.04400389,12
571,24,20,17.2,0,1,0,15.04916205,12
572,24,21,16.48,0,1,0,15.05447565,12
573,24,22,16.17,0,1,0,15.05954779,12
574,24,23,15.98,0,1,0.04966629,15.06447101,12
575,24,24,15.98,0,1,0.22266016,15.07007789,12
576,25,1,20.83,-0.970483996,1,0,16.7958936,0.01
577,25,2,20.38,-0.710788531,1,0,16.8105368,0.01
578,25,3,19.94,-0.469886446,1,0,16.82667843,0.01
579,25,4,19.48,-0.237724536,1,0,16.8436766,0.01
580,25,5,19.42,-0.110479144,1,0,16.8609707,0.01
581,25,6,19.9,-0.131686094,1,0,16.879551,0.01
582,25,7,19.66,-0.027236999,1,0,16.8996504,0.01
583,25,8,23.45,-0.957129411,1,0,16.9218825,0.01
584,25,9,28.08,-2.209911323,1,0,16.94468512,0.01
585,25,10,32.07,-3.432578506,1,0,16.96738101,0.01
586,25,11,35.02,-4.477776713,1,0,16.98972305,0.01
587,25,12,36.62,-5.217558494,1,0,17.01221829,0.01
588,25,13,37.6,-5.772505389,1,0,17.03526081,0.01
589,25,14,38.2,-6.181735295,1,0,17.05914625,0.01
590,25,15,38.37,-6.429317826,1,0,17.08290599,0.01
591,25,16,36.35,-6.100486047,1,0,17.10600021,0.01
592,25,17,36.42,-6.16584964,1,0,17.12960767,0.01
593,25,18,37.28,-6.406073858,1,0,17.15365407,0.01
594,25,19,35.1,-5.946030409,1,0,17.17702483,0.01
595,25,20,32.68,-5.347657379,1,0,17.19977062,0.01
596,25,21,30.4,-4.710670907,1,0,17.22188586,0.01
597,25,22,26.65,-3.673747035,1,0,17.24370185,0.01
598,25,23,23.28,-2.640093223,1,0,17.26500811,0.01
599,25,24,21.99,-2.041307993,1,0,17.28627768,0.01
600,26,1,0.99,0,1,6.14954806,9.912676955,0.01
601,26,2,0.47,0,1,6.404568438,9.896788663,0.01
602,26,3,0.27,0,1,6.573763217,9.881229469,0.01
603,26,4,0.12,0,1,6.713149171,9.866075506,0.01
604,26,5,0.06,0,1,6.8152672,9.851734715,0.01
605,26,6,-0.52,0,1,7.024959896,9.838199481,0.01
606,26,7,-0.76,0,1,7.157760624,9.824956346,0.01
607,26,8,-1.01,0,1,7.285301046,9.811979378,0.01
608,26,9,-0.47,0,1,7.205501488,9.799106502,0.01
609,26,10,3.5,0,1,6.193403316,9.785698625,0.01
610,26,11,7.04,0,1,5.180227842,9.772811709,0.01
611,26,12,8.7,0,1,4.546096612,9.76055244,0.01
612,26,13,9.76,0,1,4.067169532,9.748181035,0.01
613,26,14,10.47,0,1,3.704345321,9.735742163,0.01
614,26,15,10.82,0,1,3.467569653,9.723258986,0.01
615,26,16,10.69,0,1,3.385728728,9.710914462,0.01
616,26,17,10.03,0,1,3.462422085,9.697960738,0.01
617,26,18,8.4,0,1,3.806447967,9.684138032,0.01
618,26,19,6.81,0,1,4.201620381,9.669858039,0.01
619,26,20,5.66,0,1,4.538417883,9.65536376,0.01
620,26,21,4.78,0,1,4.834135844,9.640494734,0.01
621,26,22,4.02,0,1,5.111393852,9.625171201,0.01
622,26,23,3.46,0,1,5.345549755,9.609088182,0.01
623,26,24,3.32,0,1,5.477454789,9.593670716,0.01
